tt_id,article_id,nhom,pi
T001,2e9e81c05c622c0c,bat_dong,0.1160337552742616
T002,ada6a776359624b1,dong_thuan,0.016090104585679808
T003,4db7e8500db36ab5,bat_dong,0.1160337552742616
T004,07ec8c9ba7b5bf8f,bat_dong,0.1160337552742616
T005,7d4bc9c78e262998,bat_dong,0.1160337552742616
T006,2fdb2babc412d38c,dong_thuan,0.016090104585679808
T007,a4ecab81c50230e7,bat_dong,0.1160337552742616
T008,9fcdf7136fec9e8e,bat_dong,0.1160337552742616
T009,93269010f7d51922,bat_dong,0.1160337552742616
T010,ac97f3df1f962287,bat_dong,0.1160337552742616
T011,6d4ed631fe972cfd,bat_dong,0.1160337552742616
T012,aee899abf3e24285,dong_thuan,0.016090104585679808
T013,dd2627557fa206ac,bat_dong,0.1160337552742616
T014,30e05c80e1af355b,bat_dong,0.1160337552742616
T015,66643947d3803941,bat_dong,0.1160337552742616
T016,f97401cfaaf24dc1,bat_dong,0.1160337552742616
T017,f49a18263ead524d,bat_dong,0.1160337552742616
T018,84a8fc151d975705,bat_dong,0.1160337552742616
T019,f81a8006e1412244,bat_dong,0.1160337552742616
T020,bd40b5ca150a0198,bat_dong,0.1160337552742616
T021,63b09acbed0b01e9,bat_dong,0.1160337552742616
T022,2ea8b6f80a5914e8,bat_dong,0.1160337552742616
T023,17e022b78ba607df,bat_dong,0.1160337552742616
T024,3aaa58f17d871526,dong_thuan,0.016090104585679808
T025,185b73dd956c0764,dong_thuan,0.016090104585679808
T026,f585437ef125ef65,bat_dong,0.1160337552742616
T027,2b6e310b9f51b6e8,bat_dong,0.1160337552742616
T028,f5eb30416051ea64,bat_dong,0.1160337552742616
T029,d8b837bce95d9198,dong_thuan,0.016090104585679808
T030,e2e7ba681f5e2278,bat_dong,0.1160337552742616
T031,5e9429c238e19696,dong_thuan,0.016090104585679808
T032,5e3312843ebeb39d,bat_dong,0.1160337552742616
T033,7a8821ffc002e62d,bat_dong,0.1160337552742616
T034,e675d2a81ef37e7a,bat_dong,0.1160337552742616
T035,e06895df9d04d302,dong_thuan,0.016090104585679808
T036,e11ab2aafa8cd274,bat_dong,0.1160337552742616
T037,289820694881cce5,bat_dong,0.1160337552742616
T038,8b585d90919835bc,dong_thuan,0.016090104585679808
T039,0092931d4603c397,bat_dong,0.1160337552742616
T040,74a4a78e005d7534,bat_dong,0.1160337552742616
T041,65158b72aeb3d46e,bat_dong,0.1160337552742616
T042,8258a30f8e83cac4,bat_dong,0.1160337552742616
T043,159376c29322cc5a,dong_thuan,0.016090104585679808
T044,0f127d6382144f81,bat_dong,0.1160337552742616
T045,a57cdcf7b44dd79b,dong_thuan,0.016090104585679808
T046,139c0c47be503c8b,bat_dong,0.1160337552742616
T047,dbbab657e650f572,bat_dong,0.1160337552742616
T048,b79c990e5c0ab15f,bat_dong,0.1160337552742616
T049,5e6f24edcadba8ba,bat_dong,0.1160337552742616
T050,66a64a5d98a5c2d9,bat_dong,0.1160337552742616
T051,17aeae998fab9f5c,bat_dong,0.1160337552742616
T052,a9dc5c01b8fcb590,bat_dong,0.1160337552742616
T053,9eff915a9ee7239e,dong_thuan,0.016090104585679808
T054,7875fbbbb4b5eaf0,dong_thuan,0.016090104585679808
T055,ec7bd525d5ab0b5d,bat_dong,0.1160337552742616
T056,48f31c03145d70a2,bat_dong,0.1160337552742616
T057,4c1b8e58d08e2a60,dong_thuan,0.016090104585679808
T058,4d89f944f2c2ebe1,bat_dong,0.1160337552742616
T059,5f66544de29764ec,bat_dong,0.1160337552742616
T060,1576560e03f9d22c,dong_thuan,0.016090104585679808
T061,a33c9a5be02fbfea,bat_dong,0.1160337552742616
T062,93633d210f00dadb,bat_dong,0.1160337552742616
T063,cd270267db6a79a7,bat_dong,0.1160337552742616
T064,4e1261a21cf6a250,dong_thuan,0.016090104585679808
T065,4e0a5f3fe90dec3f,bat_dong,0.1160337552742616
T066,d37e282ca6e99958,dong_thuan,0.016090104585679808
T067,0d2f84a0b0496d3b,dong_thuan,0.016090104585679808
T068,a03919baa69619f9,dong_thuan,0.016090104585679808
T069,ca3717e75daaa8ca,bat_dong,0.1160337552742616
T070,410886c39582d70a,bat_dong,0.1160337552742616
T071,d4b52db8ae757130,bat_dong,0.1160337552742616
T072,c18c33ed46d1a611,bat_dong,0.1160337552742616
T073,a1f84f33ee8d03a7,dong_thuan,0.016090104585679808
T074,97110ae0e860ab83,bat_dong,0.1160337552742616
T075,2fb3eec76593cfb3,bat_dong,0.1160337552742616
T076,d26456e93f96b24c,bat_dong,0.1160337552742616
T077,1cc6684320349ead,bat_dong,0.1160337552742616
T078,3f67afef2a864465,bat_dong,0.1160337552742616
T079,06aaa27c99895566,dong_thuan,0.016090104585679808
T080,760745bd862d37b7,bat_dong,0.1160337552742616
T081,822c167138f29ceb,bat_dong,0.1160337552742616
T082,82414886b3fae076,bat_dong,0.1160337552742616
T083,34e8dc20577f8169,dong_thuan,0.016090104585679808
T084,7cd81ca7ef89f9ed,bat_dong,0.1160337552742616
T085,662a086a86ab068e,dong_thuan,0.016090104585679808
T086,3230f38d62f65144,bat_dong,0.1160337552742616
T087,5976c4091a3dd877,dong_thuan,0.016090104585679808
T088,6b54f3658c278491,bat_dong,0.1160337552742616
T089,00a347c165032c80,dong_thuan,0.016090104585679808
T090,eb697c0081dc824a,bat_dong,0.1160337552742616
T091,3a1b5b619c16c03c,bat_dong,0.1160337552742616
T092,90b107d3a4c832e8,dong_thuan,0.016090104585679808
T093,5d7b0e71442ea17b,bat_dong,0.1160337552742616
T094,a82446cf1c87d55e,bat_dong,0.1160337552742616
T095,5c9192f505cd679a,dong_thuan,0.016090104585679808
T096,1827a9b3556903f5,bat_dong,0.1160337552742616
T097,14266eaf3c1ca120,bat_dong,0.1160337552742616
T098,e4866922318e9070,bat_dong,0.1160337552742616
T099,97fb786a15847c51,bat_dong,0.1160337552742616
T100,a9b727a6a6da4a13,dong_thuan,0.016090104585679808
T101,b4b8ceb4423acde9,bat_dong,0.1160337552742616
T102,f28d61936b62311d,dong_thuan,0.016090104585679808
T103,11f9402ae82b2a16,bat_dong,0.1160337552742616
T104,8d91aa4136d966ab,bat_dong,0.1160337552742616
T105,9f1e94f94e096218,bat_dong,0.1160337552742616
T106,d90f159f57c2c3b5,bat_dong,0.1160337552742616
T107,9b9b5cecf18b8ae4,bat_dong,0.1160337552742616
T108,0c5fa69d25cb552c,bat_dong,0.1160337552742616
T109,f8b9e25125271fc6,bat_dong,0.1160337552742616
T110,7b7b6307be4eb88b,bat_dong,0.1160337552742616
T111,31b17cc0089bcf32,bat_dong,0.1160337552742616
T112,71790a2bd434858a,bat_dong,0.1160337552742616
T113,aea0a84b48904aee,bat_dong,0.1160337552742616
T114,4183187252187554,bat_dong,0.1160337552742616
T115,0b5e9f90aea024cc,bat_dong,0.1160337552742616
T116,627e3df5eacc4d98,dong_thuan,0.016090104585679808
T117,65a802bb8372a4a1,bat_dong,0.1160337552742616
T118,25c694d400dcd8ea,dong_thuan,0.016090104585679808
T119,7b419926465cb051,bat_dong,0.1160337552742616
T120,994512edb9328245,bat_dong,0.1160337552742616
T121,bb12ed7ef4dab7de,bat_dong,0.1160337552742616
T122,bae5543e58275506,bat_dong,0.1160337552742616
T123,4122cd14d9e41423,bat_dong,0.1160337552742616
T124,bb7813153cac4f13,bat_dong,0.1160337552742616
T125,1653f013cb415ba9,bat_dong,0.1160337552742616
T126,d6d90edc42974759,dong_thuan,0.016090104585679808
T127,44bf948540779be8,bat_dong,0.1160337552742616
T128,e32f182b0dd19afa,bat_dong,0.1160337552742616
T129,61662b416f2772e4,dong_thuan,0.016090104585679808
T130,bde3edfec4892742,bat_dong,0.1160337552742616
T131,1823d541b252eaf1,bat_dong,0.1160337552742616
T132,0dda0cd7e5f7595d,dong_thuan,0.016090104585679808
T133,9bf0b67fc9975320,bat_dong,0.1160337552742616
T134,0f942a197c0bad92,bat_dong,0.1160337552742616
T135,9254a2c417018e24,bat_dong,0.1160337552742616
T136,4ffe9eebc38c6844,bat_dong,0.1160337552742616
T137,df2cb4a01a1a4b1d,dong_thuan,0.016090104585679808
T138,9bb17546d15767d4,dong_thuan,0.016090104585679808
T139,834a9c78630f9b4c,bat_dong,0.1160337552742616
T140,548213062d9e7ef5,bat_dong,0.1160337552742616
T141,504248101013537b,bat_dong,0.1160337552742616
T142,3a07a44bb7908d9d,dong_thuan,0.016090104585679808
T143,a74c8a381726ec4a,bat_dong,0.1160337552742616
T144,99588890f6694087,dong_thuan,0.016090104585679808
T145,6b0bccde5c2617dd,bat_dong,0.1160337552742616
T146,d17846599f817896,dong_thuan,0.016090104585679808
T147,883d1ce35299179a,bat_dong,0.1160337552742616
T148,080a91564952d0ea,bat_dong,0.1160337552742616
T149,0db5537242efc9c3,dong_thuan,0.016090104585679808
T150,e79d6e264cadc15f,bat_dong,0.1160337552742616
