tt_id,tt_loai,tt_dau
T001,PROJECT,0
T002,POLICY,0
T003,POLICY,0
T004,MARKET,0
T005,LEGAL,0
T006,PROJECT,0
T007,MARKET,1
T008,MARKET,0
T009,LEGAL,0
T010,POLICY,0
T011,BANKING_CREDIT,-1
T012,POLICY,0
T013,MARKET,0
T014,EARNINGS,1
T015,LEGAL,1
T016,MARKET,-1
T017,INTEREST_RATE,-1
T018,MARKET,-1
T019,OTHER,0
T020,MARKET,0
T021,POLICY,0
T022,PROJECT,0
T023,MARKET,0
T024,PROJECT,1
T025,PROJECT,1
T026,MARKET,-1
T027,INTEREST_RATE,-1
T028,PROJECT,0
T029,LEGAL,0
T030,PROJECT,1
T031,PROJECT,0
T032,LEGAL,0
T033,MARKET,0
T034,PROJECT,1
T035,PROJECT,1
T036,LEGAL,0
T037,PROJECT,0
T038,PROJECT,0
T039,MARKET,-1
T040,OTHER,0
T041,PROJECT,1
T042,PROJECT,0
T043,MARKET,1
T044,MARKET,0
T045,INTEREST_RATE,-1
T046,MARKET,0
T047,MARKET,0
T048,LEGAL,0
T049,OTHER,0
T050,PROJECT,0
T051,OTHER,0
T052,POLICY,0
T053,PROJECT,0
T054,PROJECT,0
T055,POLICY,0
T056,PROJECT,0
T057,BANKING_CREDIT,-1
T058,POLICY,0
T059,LEGAL,-1
T060,POLICY,0
T061,POLICY,-1
T062,INTEREST_RATE,-1
T063,MARKET,-1
T064,PROJECT,0
T065,MARKET,0
T066,POLICY,0
T067,PROJECT,0
T068,PROJECT,0
T069,INTEREST_RATE,-1
T070,MARKET,0
T071,POLICY,0
T072,PROJECT,0
T073,POLICY,-1
T074,MARKET,0
T075,MARKET,0
T076,POLICY,0
T077,PROJECT,0
T078,MARKET,0
T079,MARKET,-1
T080,BANKING_CREDIT,-1
T081,PROJECT,0
T082,PROJECT,0
T083,PROJECT,0
T084,MARKET,0
T085,POLICY,0
T086,LEGAL,1
T087,POLICY,0
T088,LEGAL,1
T089,POLICY,1
T090,MARKET,0
T091,LEGAL,1
T092,MARKET,0
T093,PROJECT,1
T094,POLICY,-1
T095,POLICY,1
T096,MARKET,-1
T097,LEGAL,1
T098,MARKET,0
T099,PROJECT,0
T100,LEGAL,0
T101,PROJECT,0
T102,POLICY,1
T103,KHONG_LIEN_QUAN,0
T104,BANKING_CREDIT,-1
T105,LEGAL,-1
T106,POLICY,0
T107,PROJECT,0
T108,POLICY,-1
T109,BANKING_CREDIT,0
T110,POLICY,1
T111,PROJECT,0
T112,MARKET,0
T113,POLICY,-1
T114,MARKET,0
T115,MARKET,0
T116,POLICY,0
T117,POLICY,0
T118,MARKET,0
T119,LEGAL,0
T120,MARKET,-1
T121,PROJECT,1
T122,PROJECT,0
T123,PROJECT,0
T124,MARKET,0
T125,MARKET,0
T126,POLICY,0
T127,MARKET,-1
T128,PROJECT,0
T129,MARKET,0
T130,LEGAL,0
T131,CAPITAL_RAISE,0
T132,PROJECT,1
T133,PROJECT,0
T134,PROJECT,0
T135,MARKET,0
T136,MARKET,0
T137,MARKET,0
T138,PROJECT,0
T139,POLICY,0
T140,POLICY,0
T141,PROJECT,0
T142,PROJECT,0
T143,MARKET,0
T144,PROJECT,0
T145,PROJECT,0
T146,POLICY,0
T147,MARKET,0
T148,LEGAL,0
T149,MARKET,0
T150,POLICY,0
